bank,rating,sentiment_score
BOA,1,0.9745367704331875
BOA,2,0.9587028278754308
BOA,3,0.9675733016087459
BOA,4,0.9742605090141296
BOA,5,0.9623105647889051
CBE,1,0.9753430913388729
CBE,2,0.9720789227770809
CBE,3,0.9674390877099862
CBE,4,0.9628376869857311
CBE,5,0.9768789066839471
Dashen,1,0.9952345402801738
Dashen,2,0.9617690079742007
Dashen,3,0.9976398646831512
Dashen,4,0.9751972655455271
Dashen,5,0.9853042790103818
